step,x,y,theta,v
0.000000000000000000e+00,3.341333026841761011e+01,6.964421173688940314e+00,3.855657110969877566e-02,6.266086635433165686e-01
1.000000000000000000e+00,3.347477617334630651e+01,6.967045647444102485e+00,7.187383137526537347e-02,6.348435380835782960e-01
2.000000000000000000e+00,3.353759965657345532e+01,6.972092186730431074e+00,1.051968456285327924e-01,6.506719615673569601e-01
3.000000000000000000e+00,3.359882360863526429e+01,6.978613698694867473e+00,1.384923459757087805e-01,6.341778634938437520e-01
4.000000000000000000e+00,3.365695045946440445e+01,6.986371813437942002e+00,1.711159384326086108e-01,6.037690933996313625e-01
5.000000000000000000e+00,3.371818783677387188e+01,6.997746876544831629e+00,2.036574089160624046e-01,6.438007449145256578e-01
6.000000000000000000e+00,3.377776009713112870e+01,7.010153922027187789e+00,2.363751152283580237e-01,6.281680201223363014e-01
7.000000000000000000e+00,3.384109684553629904e+01,7.025507385835304319e+00,2.690350727017575272e-01,6.740537530175192416e-01
8.000000000000000000e+00,3.390056786484291962e+01,7.040875966005041953e+00,3.004163811169381915e-01,6.338727683728351270e-01
9.000000000000000000e+00,3.396149302048959839e+01,7.059162791199710796e+00,3.318976639007409357e-01,6.565983719541998997e-01
1.000000000000000000e+01,3.402055064437478649e+01,7.080081469423225471e+00,3.619935035293777581e-01,6.473835486502005354e-01
1.100000000000000000e+01,3.407795446248016447e+01,7.103115003722031418e+00,3.923923997494279114e-01,6.398379439737683638e-01
1.200000000000000000e+01,3.413704182227686346e+01,7.127618450212913181e+00,4.220239840615622184e-01,6.621495514576255514e-01
1.300000000000000000e+01,3.419728044980985260e+01,7.155198908525968626e+00,4.494576003170416278e-01,6.850109442503281576e-01
1.400000000000000000e+01,3.425409796447809896e+01,7.181656364362607903e+00,4.765971510240895048e-01,6.466585548880749990e-01
1.500000000000000000e+01,3.431343377571138120e+01,7.212174291691066053e+00,5.038791642492397305e-01,6.881848732017785686e-01
1.600000000000000000e+01,3.437115955131798017e+01,7.243248243181254153e+00,5.303141850817476577e-01,6.771103287287726369e-01
1.700000000000000000e+01,3.443141000305607946e+01,7.278213428693534048e+00,5.559959927099569210e-01,7.203098853888586506e-01
1.800000000000000000e+01,3.449076915553519029e+01,7.315037838289196515e+00,5.801526340791879344e-01,7.219185979237764395e-01
1.900000000000000000e+01,3.454946336486408853e+01,7.353868974690891847e+00,6.042274812037840004e-01,7.279901878842486296e-01
2.000000000000000000e+01,3.460883075782142271e+01,7.393164428042652503e+00,6.282360629648567896e-01,7.358901984695361831e-01
2.100000000000000000e+01,3.466866656930750423e+01,7.435727704207663713e+00,6.512277335521445831e-01,7.592390206286976362e-01
2.200000000000000000e+01,3.472511118822207266e+01,7.478768153966531607e+00,6.738015645267362297e-01,7.333251332352405116e-01
2.300000000000000000e+01,3.478620523896950090e+01,7.527756053021116500e+00,6.958345007394193260e-01,8.090988775941956312e-01
2.400000000000000000e+01,3.484374421435364155e+01,7.574364174230053592e+00,7.168836091760786289e-01,7.659590295086917688e-01
2.500000000000000000e+01,3.490178407750875778e+01,7.623779801028637948e+00,7.381393970226244328e-01,7.876697887979560164e-01
2.600000000000000000e+01,3.496071514593143803e+01,7.679578557492646951e+00,7.582310374408126608e-01,8.391341966235567051e-01
2.700000000000000000e+01,3.502011888102008186e+01,7.735760903997997318e+00,7.776597243116356584e-01,8.457991671800537681e-01
2.800000000000000000e+01,3.507606656033284764e+01,7.791421259085195672e+00,7.961953894819692179e-01,8.167866441524131993e-01
2.900000000000000000e+01,3.513225488738805069e+01,7.848945495692133179e+00,8.144761848509982638e-01,8.322959409282950638e-01
3.000000000000000000e+01,3.518908827568740350e+01,7.909581694367604499e+00,8.328822403876935399e-01,8.586516592116925084e-01
3.100000000000000000e+01,3.524474268807804833e+01,7.970664732303680999e+00,8.500448383720802248e-01,8.559141446668738773e-01
3.200000000000000000e+01,3.529907419222475795e+01,8.030879474268937557e+00,8.668044856414000021e-01,8.366162948588991011e-01
3.300000000000000000e+01,3.535602582787836212e+01,8.095558246815642178e+00,8.838011609381872802e-01,8.925268657760313529e-01
3.400000000000000000e+01,3.541103291313549306e+01,8.162202009769607969e+00,8.995901351198006823e-01,8.915917228763216018e-01
3.500000000000000000e+01,3.546643490336934690e+01,8.232605268890699435e+00,9.153177302817346872e-01,9.275343927079454653e-01
3.600000000000000000e+01,3.551843352398262965e+01,8.300085574608340622e+00,9.296849321056620541e-01,8.814351367727850661e-01
3.700000000000000000e+01,3.557522473980689881e+01,8.375515472464599043e+00,9.439971297549542006e-01,9.762125818994015214e-01
3.800000000000000000e+01,3.562955506048866283e+01,8.448498375249021919e+00,9.583925196944307334e-01,9.404604047408070544e-01
3.900000000000000000e+01,3.568363640995045927e+01,8.525159284888637501e+00,9.718795711251329017e-01,9.709813197030028320e-01
4.000000000000000000e+01,3.573878303290449310e+01,8.604539016251505856e+00,9.847543882852947128e-01,9.994481411943498816e-01
4.100000000000000000e+01,3.579407306891800289e+01,8.687164293017795913e+00,9.975151900378601555e-01,1.029839828326760243e+00
4.200000000000000000e+01,3.584609156900192062e+01,8.768004306790944113e+00,1.009995281498941688e+00,9.937491936479703192e-01
4.300000000000000000e+01,3.589632792856492927e+01,8.849952053654060791e+00,1.021749117873492096e+00,9.927861002360974796e-01
4.400000000000000000e+01,3.595028449376645341e+01,8.938959206421426273e+00,1.034325706025316149e+00,1.075433680700388583e+00
4.500000000000000000e+01,3.600210335957076779e+01,9.025208993894489495e+00,1.045896978558313428e+00,1.040058185982947192e+00
4.600000000000000000e+01,3.605225063380157025e+01,9.112167461441169181e+00,1.057374566881501554e+00,1.038583722404346821e+00
4.700000000000000000e+01,3.610232835317246014e+01,9.199595493992710260e+00,1.068812771726592725e+00,1.041388312408190631e+00
4.800000000000000000e+01,3.615044835275227086e+01,9.288220423296795758e+00,1.079674264540289474e+00,1.040723177746263328e+00
4.900000000000000000e+01,3.619966914004773173e+01,9.381691750491585324e+00,1.090728457877591095e+00,1.091873854943134159e+00
5.000000000000000000e+01,3.624946458877444400e+01,9.478434417793460298e+00,1.101496344842026964e+00,1.125351964447609765e+00
5.100000000000000000e+01,3.629864261354114774e+01,9.576610863624567926e+00,1.112170342313998805e+00,1.137788390542746830e+00
5.200000000000000000e+01,3.634791486869792720e+01,9.675156977992932283e+00,1.122747246816788946e+00,1.138738702027297434e+00
5.300000000000000000e+01,3.639625866208777438e+01,9.775438083832579395e+00,1.133038791840376813e+00,1.152673381540598285e+00
5.400000000000000000e+01,3.644350314955113390e+01,9.877015565577522693e+00,1.142753949948328573e+00,1.159400604485886443e+00
5.500000000000000000e+01,3.649137846565575671e+01,9.981657909616783897e+00,1.152003812370599123e+00,1.191893499529964817e+00
5.600000000000000000e+01,3.653902810330903606e+01,1.008835668321608026e+01,1.161594510699654803e+00,1.209113148304908236e+00
5.700000000000000000e+01,3.658443262574410682e+01,1.019296658838342573e+01,1.170976474577750004e+00,1.179049304011399846e+00
5.800000000000000000e+01,3.663043391141560789e+01,1.029916191144716642e+01,1.180159135151752414e+00,1.195895011037603428e+00
5.900000000000000000e+01,3.667676845409866360e+01,1.040876113785047608e+01,1.189694645012399077e+00,1.230821399359762314e+00
6.000000000000000000e+01,3.671977881622180462e+01,1.051681029248692134e+01,1.198549464704646184e+00,1.201627327522676536e+00
6.100000000000000000e+01,3.676384243912698935e+01,1.063068185955467904e+01,1.207521615485785516e+00,1.261148975606122491e+00
6.200000000000000000e+01,3.680515629413459777e+01,1.074179946004838193e+01,1.215851572164374339e+00,1.225899976045928597e+00
6.300000000000000000e+01,3.684708883889705788e+01,1.085606759195970383e+01,1.223421747687736483e+00,1.256884515899902466e+00
6.400000000000000000e+01,3.688946137763582556e+01,1.097309984515345604e+01,1.231954785848899059e+00,1.288300425701370377e+00
6.500000000000000000e+01,3.693181922376634674e+01,1.109222644859803886e+01,1.240286708045968522e+00,1.309103413097521651e+00
6.600000000000000000e+01,3.697247065619718853e+01,1.120782285920807730e+01,1.247331490758424088e+00,1.267877141540727726e+00
6.700000000000000000e+01,3.701368993309233701e+01,1.132960162113703007e+01,1.254517467935345465e+00,1.328501343339867580e+00
6.800000000000000000e+01,3.705388948778210789e+01,1.145253173658886148e+01,1.261446232904543274e+00,1.339472619887614346e+00
6.900000000000000000e+01,3.709331359869906919e+01,1.157406763540437034e+01,1.269050359028596642e+00,1.323380065545405104e+00
7.000000000000000000e+01,3.713160046674094161e+01,1.169686366271467648e+01,1.276165478782074203e+00,1.328872051179218250e+00
7.100000000000000000e+01,3.716940974325277125e+01,1.182263656341866565e+01,1.283772399892619598e+00,1.358614888847145208e+00
7.200000000000000000e+01,3.720684155958940664e+01,1.194963730567156013e+01,1.290306605039490240e+00,1.369458422587408686e+00
7.300000000000000000e+01,3.724484424417777007e+01,1.207892252380312748e+01,1.297146601048132952e+00,1.394771789596239930e+00
7.400000000000000000e+01,3.728029272098653024e+01,1.220612992642847061e+01,1.303315162793467596e+00,1.366627981488145460e+00
7.500000000000000000e+01,3.732038420066128026e+01,1.232867400880063968e+01,1.309239686499440225e+00,1.389074798843339842e+00
7.600000000000000000e+01,3.735764029068737813e+01,1.245853773976129375e+01,1.315488868418909441e+00,1.436148974801306322e+00
7.700000000000000000e+01,3.739274327837608780e+01,1.259391446328123898e+01,1.321606235263167672e+00,1.450930681247389886e+00
7.800000000000000000e+01,3.742950933979937389e+01,1.272408873630685200e+01,1.327668175077868051e+00,1.412853038386807869e+00
7.900000000000000000e+01,3.746568966491172858e+01,1.285917849739965391e+01,1.333386660811059166e+00,1.453477153443652581e+00
8.000000000000000000e+01,3.750173363725994591e+01,1.298679022707783659e+01,1.339328075149065933e+00,1.463951775424036317e+00
8.100000000000000000e+01,3.755391534357477212e+01,1.310699237688151442e+01,1.342140310597941921e+00,1.473110769530236119e+00
8.200000000000000000e+01,3.759110585887168554e+01,1.323316016001433404e+01,1.347637778884555715e+00,1.472922145270272765e+00
8.300000000000000000e+01,3.762776123786797200e+01,1.336987120485956737e+01,1.352946685968851259e+00,1.478036716317195909e+00
8.400000000000000000e+01,3.766196215253844315e+01,1.350928834319558725e+01,1.358366217060022141e+00,1.505465830676417927e+00
8.500000000000000000e+01,3.779713174273725684e+01,1.359545706593959480e+01,1.350748530143076609e+00,1.503973021338216309e+00
8.600000000000000000e+01,3.783275772203322163e+01,1.372746489209603027e+01,1.356316974341266857e+00,1.464262441358208822e+00
8.700000000000000000e+01,3.789297468079181641e+01,1.384773935099952880e+01,1.358988255073717344e+00,1.502002050799909449e+00
8.800000000000000000e+01,3.793321728051090247e+01,1.397849032470375619e+01,1.363200342536653231e+00,1.525556728554309904e+00
8.900000000000000000e+01,3.798202509067250077e+01,1.409642487493248098e+01,1.366141040999622192e+00,1.513055901589336338e+00
9.000000000000000000e+01,3.813780040648901348e+01,1.416195975873807633e+01,1.357123121081855732e+00,1.555237556301126034e+00
9.100000000000000000e+01,3.821978955739287187e+01,1.425252168316683310e+01,1.356568445162855685e+00,1.468047112518447772e+00
9.200000000000000000e+01,3.830904925625524982e+01,1.436309320956481450e+01,1.356583915735502632e+00,1.569804713320338108e+00
9.300000000000000000e+01,3.840389951998477613e+01,1.444814059481651114e+01,1.351379797458257315e+00,1.580905452783752718e+00
9.400000000000000000e+01,3.849370146676046289e+01,1.454371879824701530e+01,1.348809054313352629e+00,1.542856045133263132e+00
9.500000000000000000e+01,3.857116690177815599e+01,1.464782608264697217e+01,1.349093041644184643e+00,1.562102072978106326e+00
9.600000000000000000e+01,3.869892117974915635e+01,1.471330338252192504e+01,1.342578346984310222e+00,1.528484468377895533e+00
9.700000000000000000e+01,3.882632429540370111e+01,1.481306832604342638e+01,1.339749161435225933e+00,1.637225013525417605e+00
9.800000000000000000e+01,3.897902177920466471e+01,1.483951197713716219e+01,1.329721651698963170e+00,1.562057517199038958e+00
9.900000000000000000e+01,3.899644266065470077e+01,1.499474754342837990e+01,1.336581752839511417e+00,1.564609388207455209e+00
1.000000000000000000e+02,3.910407160400463056e+01,1.510496717247939813e+01,1.333494770356631554e+00,1.601486202348833432e+00
1.010000000000000000e+02,3.919323428749720506e+01,1.521489278339509355e+01,1.334093917362973336e+00,1.593977294822407353e+00
1.020000000000000000e+02,3.928556784520707623e+01,1.531295772157960933e+01,1.332742744764669141e+00,1.600846427565362440e+00
1.030000000000000000e+02,3.942791345900361932e+01,1.538588254600361260e+01,1.325459147855500674e+00,1.609949266891046227e+00
1.040000000000000000e+02,3.957761404024363827e+01,1.544145342427607837e+01,1.320244487115475263e+00,1.615557305157854451e+00
1.050000000000000000e+02,3.893920986579072263e+01,1.627198257350519128e+01,1.399252015222133494e+00,1.703996313329987800e+00
1.060000000000000000e+02,3.859773566301190328e+01,1.674306286535504285e+01,1.435798967570133922e+00,1.647574678206252807e+00
1.070000000000000000e+02,3.844049358940090855e+01,1.696023046224114239e+01,1.448605955391873756e+00,1.612110174500381410e+00
1.080000000000000000e+02,3.827441970805644189e+01,1.709534369787474262e+01,1.461195995128045766e+00,1.638079437130436133e+00
1.090000000000000000e+02,3.809741836660309389e+01,1.721025905179566706e+01,1.478124126085810008e+00,1.593697670146776879e+00
1.100000000000000000e+02,3.792021675286044768e+01,1.730482527258151748e+01,1.496836442080130114e+00,1.585626995235869474e+00
1.110000000000000000e+02,3.792220288484039514e+01,1.758229012749615805e+01,1.493914354513435461e+00,1.797983468355589087e+00
1.120000000000000000e+02,3.781517269377025769e+01,1.774613106559382913e+01,1.500613596705008934e+00,1.666309942275863820e+00
1.130000000000000000e+02,3.778532912302875957e+01,1.790732412671796325e+01,1.504456059065346407e+00,1.666642059547521537e+00
1.140000000000000000e+02,3.776066582092357038e+01,1.806896168895995203e+01,1.507491295509884033e+00,1.661388925982099085e+00
1.150000000000000000e+02,3.773530660113809887e+01,1.822794706392538799e+01,1.513396567417131466e+00,1.667712311919027357e+00
1.160000000000000000e+02,3.772363286084421219e+01,1.835125128218704660e+01,1.517014839533328940e+00,1.632535612984070683e+00
1.170000000000000000e+02,3.770690655398300350e+01,1.858548639117162793e+01,1.525140644563565573e+00,1.820708932502476340e+00
1.180000000000000000e+02,3.771671293483403531e+01,1.875127541247945828e+01,1.529144243526981750e+00,1.677750787239799424e+00
1.190000000000000000e+02,3.773078929598097631e+01,1.891543683630022343e+01,1.533024616087948599e+00,1.654291138768515301e+00
1.200000000000000000e+02,3.776081781077776611e+01,1.907948260238386951e+01,1.534100649383522974e+00,1.658871427904417439e+00
1.210000000000000000e+02,3.781077062067192429e+01,1.924187219534942983e+01,1.532798884752765156e+00,1.668926732933398993e+00
1.220000000000000000e+02,3.787701759188067996e+01,1.935638290433678677e+01,1.531932448738246633e+00,1.571508868232957434e+00
1.230000000000000000e+02,3.792609181757108416e+01,1.957930309942329217e+01,1.534015762018903439e+00,1.781114694366960904e+00
1.240000000000000000e+02,3.795963453940635191e+01,1.974467567424029468e+01,1.537843752522560781e+00,1.666750357789321235e+00
1.250000000000000000e+02,3.799937195552740121e+01,1.991638290836118230e+01,1.540336436813499743e+00,1.715401639927192745e+00
1.260000000000000000e+02,3.804122413463876029e+01,2.007917386568890095e+01,1.542422294981656394e+00,1.642338807862347316e+00
1.270000000000000000e+02,3.807322719663276445e+01,2.023856289265555475e+01,1.545570878505570622e+00,1.620286953307446209e+00
1.280000000000000000e+02,3.809986295012291180e+01,2.035766656567719934e+01,1.549012519915048403e+00,1.612749242790184168e+00
1.290000000000000000e+02,3.813430924671295230e+01,2.058972856568080090e+01,1.547834845264678405e+00,1.768068809624174342e+00
1.300000000000000000e+02,3.812937367018421497e+01,2.075804391169532437e+01,1.554081073054957240e+00,1.677913725876148066e+00
1.310000000000000000e+02,3.813006571183456828e+01,2.092070221803816565e+01,1.559300062368716322e+00,1.633366785433435941e+00
1.320000000000000000e+02,3.812970766386022348e+01,2.108566213667402067e+01,1.564934100802438888e+00,1.657189486911554210e+00
1.330000000000000000e+02,3.813040524296349076e+01,2.124760349212748878e+01,1.569310165368623666e+00,1.665587598118303259e+00
1.340000000000000000e+02,3.812006582295001778e+01,2.137205155666390155e+01,1.575254964533471469e+00,1.599857317402747281e+00
1.350000000000000000e+02,3.809522247089724090e+01,2.158363002212984227e+01,1.585223990662518068e+00,1.755412878765116647e+00
1.360000000000000000e+02,3.809019808312349653e+01,2.175261995874369347e+01,1.590940543071085900e+00,1.688869657490722709e+00
1.370000000000000000e+02,3.808658883742551637e+01,2.192562503329622814e+01,1.596371816810692179e+00,1.739219860317411381e+00
1.380000000000000000e+02,3.807971136664461653e+01,2.209123039498975771e+01,1.601993088150553746e+00,1.681308673482316385e+00
1.390000000000000000e+02,3.807197898531943281e+01,2.225087753214357988e+01,1.606364081455319726e+00,1.693869892920684128e+00
1.400000000000000000e+02,3.806861036207048699e+01,2.237454361235083056e+01,1.611322130672130815e+00,1.561385404648598429e+00
1.410000000000000000e+02,3.807805908845349308e+01,2.258291805923180817e+01,1.615164142332178310e+00,1.734532448237455338e+00
1.420000000000000000e+02,3.807051043216594621e+01,2.275121942273142039e+01,1.620910731202983790e+00,1.652980751615935162e+00
1.430000000000000000e+02,3.805813146216594589e+01,2.291598426180747339e+01,1.626102321736272893e+00,1.657547320319806117e+00
1.440000000000000000e+02,3.804325678118073029e+01,2.307852764451038041e+01,1.631492614824417986e+00,1.641624049746873482e+00
1.450000000000000000e+02,3.803495324683068901e+01,2.323678576871231982e+01,1.637081766102281177e+00,1.620304083806741513e+00
1.460000000000000000e+02,3.801388587247252104e+01,2.336907125579871192e+01,1.643237812208987014e+00,1.606930181540166425e+00
1.470000000000000000e+02,3.799454106246421503e+01,2.357613891117092209e+01,1.644778067856465631e+00,1.682231022864148606e+00
1.480000000000000000e+02,3.798131248413999828e+01,2.374088828864051948e+01,1.650346447177127418e+00,1.622088268279296974e+00
1.490000000000000000e+02,3.797282161680069379e+01,2.389855714051640234e+01,1.654767565963500164e+00,1.572292235197463084e+00
1.500000000000000000e+02,3.795589578898761118e+01,2.405714208310726221e+01,1.660314430325645629e+00,1.598248150694826286e+00
1.510000000000000000e+02,3.794449467940742693e+01,2.420926579370212650e+01,1.665529270377072990e+00,1.547092230415463288e+00
1.520000000000000000e+02,3.792958452530446323e+01,2.435762810039175008e+01,1.671475219261538525e+00,1.592482506866083281e+00
1.530000000000000000e+02,3.791809457732031063e+01,2.449407924419933735e+01,1.675317872400184704e+00,1.577092945832870630e+00
1.540000000000000000e+02,3.789331111266545093e+01,2.466492069263705389e+01,1.681178017508625944e+00,1.617034860967196286e+00
1.550000000000000000e+02,3.787907603514863553e+01,2.482126691767509641e+01,1.686522443779815639e+00,1.583134018603467918e+00
1.560000000000000000e+02,3.786082558041118062e+01,2.497182896135673502e+01,1.692435364907579398e+00,1.522464103413490699e+00
1.570000000000000000e+02,3.784213174277078195e+01,2.512786125366161016e+01,1.697433767053313503e+00,1.580905675792137144e+00
1.580000000000000000e+02,3.782257906234893596e+01,2.528127256971651704e+01,1.703062102802089361e+00,1.562070122939034134e+00
1.590000000000000000e+02,3.780322920977354073e+01,2.543050658374659534e+01,1.708358950764587547e+00,1.532916984463061238e+00
1.600000000000000000e+02,3.777567021974669359e+01,2.558467481023704693e+01,1.714802780979169938e+00,1.556161489566786793e+00
1.610000000000000000e+02,3.775389634338267797e+01,2.573998147724128316e+01,1.720307227791604276e+00,1.541841306798375832e+00
1.620000000000000000e+02,3.773221699018278485e+01,2.589062740486950887e+01,1.726295916711350520e+00,1.536673533877312758e+00
1.630000000000000000e+02,3.770611324808491815e+01,2.604361037729658790e+01,1.732376794433335032e+00,1.540881852651592387e+00
1.640000000000000000e+02,3.768094072991148380e+01,2.619070918246514168e+01,1.738655001480083229e+00,1.500831737872285521e+00
1.650000000000000000e+02,3.765645003252872414e+01,2.633643788194763502e+01,1.744315788824147839e+00,1.484899023149791830e+00
1.660000000000000000e+02,3.763150574715148622e+01,2.648180051813740477e+01,1.750360866492274070e+00,1.482383963819757566e+00
1.670000000000000000e+02,3.760508545790355583e+01,2.662666229971886978e+01,1.756738923756250736e+00,1.472777936223533368e+00
1.680000000000000000e+02,3.757836623048158486e+01,2.677245240716465702e+01,1.763459390307906771e+00,1.492406837102174588e+00
1.690000000000000000e+02,3.755134994946582339e+01,2.691127737595335034e+01,1.769770112156783481e+00,1.422260169677215913e+00
1.700000000000000000e+02,3.752273925716387737e+01,2.705353436018846125e+01,1.776427830744346403e+00,1.458910335549300719e+00
1.710000000000000000e+02,3.749335148414444774e+01,2.719320912616182184e+01,1.782870956084820158e+00,1.434553425092032652e+00
1.720000000000000000e+02,3.746331545146718867e+01,2.733257642198913473e+01,1.789259660591302259e+00,1.433086088785023415e+00
1.730000000000000000e+02,3.743186969346947990e+01,2.747343143767383822e+01,1.795873236348596969e+00,1.450474669819404427e+00
1.740000000000000000e+02,3.740110099942813093e+01,2.760772594346268960e+01,1.802346286355047900e+00,1.384104581795974509e+00
1.750000000000000000e+02,3.736565843418797783e+01,2.774380929080379232e+01,1.810419106870393646e+00,1.401197498750490267e+00
1.760000000000000000e+02,3.733301910106067112e+01,2.787731728785201568e+01,1.816795718118611846e+00,1.381789318675782807e+00
1.770000000000000000e+02,3.729926202423094850e+01,2.801199571426785084e+01,1.823810181018510557e+00,1.395608053180835917e+00
1.780000000000000000e+02,3.726452398039899094e+01,2.814717195045568587e+01,1.830873544380198670e+00,1.402735110850380273e+00
1.790000000000000000e+02,3.722954605320027355e+01,2.827945389421171285e+01,1.837879880103107544e+00,1.375261798733684593e+00
1.800000000000000000e+02,3.719402598576936469e+01,2.840953636346572608e+01,1.845764632785859893e+00,1.355422245150534444e+00
1.810000000000000000e+02,3.715915607397137421e+01,2.853284820002314959e+01,1.853318851431671188e+00,1.287840133904028184e+00
1.820000000000000000e+02,3.712149028611528223e+01,2.866274424364417328e+01,1.860799590028777928e+00,1.359687236091442930e+00
1.830000000000000000e+02,3.708424923116265148e+01,2.878806052632220158e+01,1.868742491282995966e+00,1.314308053241744156e+00
1.840000000000000000e+02,3.704733835975694944e+01,2.890851149330830694e+01,1.876555168846653965e+00,1.266085755870399510e+00
1.850000000000000000e+02,3.700792620432040536e+01,2.903271455987183103e+01,1.884335085787561814e+00,1.310053100092783973e+00
1.860000000000000000e+02,3.696840097988586393e+01,2.915564569485692914e+01,1.892715308299024679e+00,1.298088535312257097e+00
1.870000000000000000e+02,3.692793282950147926e+01,2.927560667437892761e+01,1.901192478817612885e+00,1.272704426355500962e+00
1.880000000000000000e+02,3.688581349705897594e+01,2.939776060020365023e+01,1.909199116923646855e+00,1.299199035740717711e+00
1.890000000000000000e+02,3.684465954168928192e+01,2.951493751204389326e+01,1.917576679520798910e+00,1.248611912379333555e+00
1.900000000000000000e+02,3.680264073032590488e+01,2.963132781383043479e+01,1.926150583211097667e+00,1.244312152936862814e+00
1.910000000000000000e+02,3.676120991586641651e+01,2.974409465893014470e+01,1.935055305538728732e+00,1.207617621529682994e+00
1.920000000000000000e+02,3.671689991585408563e+01,2.986023388391915034e+01,1.944324938484444321e+00,1.250199650239736338e+00
1.930000000000000000e+02,3.667369411327130990e+01,2.997052249019321124e+01,1.954198899150790814e+00,1.190896237915530120e+00
1.940000000000000000e+02,3.663065133776266435e+01,3.007711486100152243e+01,1.963369163954325591e+00,1.156101272016084813e+00
1.950000000000000000e+02,3.658558465652561864e+01,3.018537407978917031e+01,1.973127911422028813e+00,1.179312551487412986e+00
1.960000000000000000e+02,3.653943156652409385e+01,3.029428488020230148e+01,1.983123991807067110e+00,1.189455122145985699e+00
1.970000000000000000e+02,3.649455673281058665e+01,3.039780755447560168e+01,1.993650597639668565e+00,1.134609615619469603e+00
1.980000000000000000e+02,3.644994646260479954e+01,3.049748831448330222e+01,2.004292910436277442e+00,1.098241617137764692e+00
1.990000000000000000e+02,3.640460967946736304e+01,3.059506319515837447e+01,2.014973104372779655e+00,1.081933032857891108e+00
2.000000000000000000e+02,3.635910854508697554e+01,3.069023782522307542e+01,2.026244657737645838e+00,1.061146682733829616e+00
2.010000000000000000e+02,3.631101333052605185e+01,3.078869307310722547e+01,2.036636382504045883e+00,1.102004759973242543e+00
2.020000000000000000e+02,3.626305965642863072e+01,3.088393527448956988e+01,2.048398550784702454e+00,1.072438670899810154e+00
2.030000000000000000e+02,3.621575108706790758e+01,3.097579577472632195e+01,2.060602082847139194e+00,1.039301951230745535e+00
2.040000000000000000e+02,3.616505268353476055e+01,3.107091773443177374e+01,2.072696644779499220e+00,1.084282097629107211e+00
2.050000000000000000e+02,3.611490106318472471e+01,3.116204170671217710e+01,2.085181726700762628e+00,1.046202777243745219e+00
2.060000000000000000e+02,3.606391972161356563e+01,3.125266919829559242e+01,2.098510324072460964e+00,1.046278215948035939e+00
2.070000000000000000e+02,3.601398824629186635e+01,3.133862783125876206e+01,2.111766246177221973e+00,1.000396575182778358e+00
2.080000000000000000e+02,3.596303009949712504e+01,3.142387872701149831e+01,2.125400310136304149e+00,9.993374543092400364e-01
2.090000000000000000e+02,3.591214227324389441e+01,3.150644116537748829e+01,2.139222772088656743e+00,9.754207809835669929e-01
2.100000000000000000e+02,3.586048504354999267e+01,3.158777056036517195e+01,2.153283303906619484e+00,9.692356294353465795e-01
2.110000000000000000e+02,3.580865463639743496e+01,3.166676969796802865e+01,2.167429400616163182e+00,9.507883476103818898e-01
2.120000000000000000e+02,3.575667556228830790e+01,3.174245896981625847e+01,2.182134803653748900e+00,9.239463582398014241e-01
2.130000000000000000e+02,3.570373448195544341e+01,3.181837475969602735e+01,2.197475318933907129e+00,9.310162653767375396e-01
2.140000000000000000e+02,3.564981516537962136e+01,3.189265526296873432e+01,2.212974267236002213e+00,9.236879604565625401e-01
2.150000000000000000e+02,3.559505818122530485e+01,3.196590866844205081e+01,2.229778826611806597e+00,9.206569838340531442e-01
2.160000000000000000e+02,3.554155338558334876e+01,3.203482172959674301e+01,2.246251094496738432e+00,8.778118138972952345e-01
2.170000000000000000e+02,3.548683674736793137e+01,3.210291000883340473e+01,2.263492711030767435e+00,8.791388552037137094e-01
2.180000000000000000e+02,3.543193238424284175e+01,3.216896889275970040e+01,2.281481413198117369e+00,8.641284247970385524e-01
2.190000000000000000e+02,3.537453330054687228e+01,3.223554989910343949e+01,2.299432747997568693e+00,8.848111408608264616e-01
2.200000000000000000e+02,3.531404023032586537e+01,3.230342750412227559e+01,2.317695058858900037e+00,9.149915706197896403e-01
2.210000000000000000e+02,3.525960790536428391e+01,3.236239555095541220e+01,2.338059778760578578e+00,8.075310068074985637e-01
2.220000000000000000e+02,3.520319378292544599e+01,3.242120942467280287e+01,2.357740026070113348e+00,8.200628870954906890e-01
2.230000000000000000e+02,3.514490667328361440e+01,3.247976974871906464e+01,2.379044558789715769e+00,8.316063806729515617e-01
2.240000000000000000e+02,3.508673908618066406e+01,3.253483885586812363e+01,2.400424949775126660e+00,8.064865341551021860e-01
2.250000000000000000e+02,3.502968779597900095e+01,3.258717032276045700e+01,2.422461157066099435e+00,7.793699864033382108e-01
2.260000000000000000e+02,3.497171905065525266e+01,3.263781228341395746e+01,2.444630097402658020e+00,7.745336276279080057e-01
2.270000000000000000e+02,3.491503780161336579e+01,3.268565786651378602e+01,2.466643382363621573e+00,7.469574780438649197e-01
2.280000000000000000e+02,3.485760685897002986e+01,3.273170592547837288e+01,2.489972757734637110e+00,7.411791356612535964e-01
2.290000000000000000e+02,3.479959557436889384e+01,3.277607964565115140e+01,2.514009033032213569e+00,7.357048330750607379e-01
2.300000000000000000e+02,3.474009027487006307e+01,3.281848629758753333e+01,2.538712240503216311e+00,7.356977143383011120e-01
2.310000000000000000e+02,3.467887191589078810e+01,3.286050829203070123e+01,2.564645595471293227e+00,7.474712574387712971e-01
2.320000000000000000e+02,3.461562504909064586e+01,3.290170405846315305e+01,2.590659314982084904e+00,7.601202440119043668e-01
2.330000000000000000e+02,3.455611728455600939e+01,3.293813229805001441e+01,2.617733881397262152e+00,7.025931578770420183e-01
2.340000000000000000e+02,3.449344570279582456e+01,3.297463329297981716e+01,2.644773694599378278e+00,7.311743515397016724e-01
2.350000000000000000e+02,3.443226581199333225e+01,3.300798825365574629e+01,2.673768250098351729e+00,7.018496880204376787e-01
2.360000000000000000e+02,3.437220682199311739e+01,3.303817509071874525e+01,2.702844087038054344e+00,6.774734302232926497e-01
2.370000000000000000e+02,3.431028581585071180e+01,3.306716181273319677e+01,2.731121556026990582e+00,6.888194564679932519e-01
2.380000000000000000e+02,3.425146700507850284e+01,3.309288201547688857e+01,2.761426362864934703e+00,6.466555128705354649e-01
2.390000000000000000e+02,3.418844345081724612e+01,3.311816123787632193e+01,2.792070552540624639e+00,6.843801529470339151e-01
2.400000000000000000e+02,3.412851175254132841e+01,3.313997323841816467e+01,2.823387254556719128e+00,6.425843781909437169e-01
2.410000000000000000e+02,3.406666320156747929e+01,3.316027038565834317e+01,2.854645253558451223e+00,6.558897886179513304e-01
2.420000000000000000e+02,3.400376865344178867e+01,3.317809109828861835e+01,2.886600688070230181e+00,6.540613429679545954e-01
2.430000000000000000e+02,3.394147029998542564e+01,3.319430065175576061e+01,2.918903111413008844e+00,6.483940649697370606e-01
2.440000000000000000e+02,3.387766206428398164e+01,3.320824721084522935e+01,2.951501189232291988e+00,6.587414181918747058e-01
2.450000000000000000e+02,3.381606962260332239e+01,3.321974995130356234e+01,2.983624459271685847e+00,6.326155034250887654e-01
2.460000000000000000e+02,3.375356043549342644e+01,3.322941676951101186e+01,3.016317354233780001e+00,6.380145071850424898e-01
2.470000000000000000e+02,3.368841528170450772e+01,3.323733932991765272e+01,3.049240109180679781e+00,6.623612828948569620e-01
2.480000000000000000e+02,3.362722161434574986e+01,3.324311371648125402e+01,3.082586844976506590e+00,6.189282334041178446e-01
2.490000000000000000e+02,3.356618875237786881e+01,3.324712034687564000e+01,3.116607960069393890e+00,6.177669362908797535e-01
2.500000000000000000e+02,3.350202953367201530e+01,3.324945598948333014e+01,3.149744685357281693e+00,6.490115312307213058e-01
2.510000000000000000e+02,3.343992745922855647e+01,3.324900432749807777e+01,3.182932745383978190e+00,6.277880621938513039e-01
2.520000000000000000e+02,3.337771140764737510e+01,3.324658224362873682e+01,3.215956625591487761e+00,6.308038956407663322e-01
2.530000000000000000e+02,3.331762543173750402e+01,3.324228178669418554e+01,3.249094133206225532e+00,6.090300184773106418e-01
2.540000000000000000e+02,3.325485615718520904e+01,3.323572024297718031e+01,3.281460212271708698e+00,6.365383607668678723e-01
2.550000000000000000e+02,3.319923053130560930e+01,3.322949747887839322e+01,3.313444907376916770e+00,6.790997388089220488e-01
2.560000000000000000e+02,3.313262550561601927e+01,3.321753317032143116e+01,3.345556064158732301e+00,6.833359921285653282e-01
2.570000000000000000e+02,3.307801671428480006e+01,3.320814186697021597e+01,3.376876567846635702e+00,6.540277782395588213e-01
2.580000000000000000e+02,3.301601778417300181e+01,3.319283330508634577e+01,3.407473116628592980e+00,6.155730219634196754e-01
2.590000000000000000e+02,3.295435792506810202e+01,3.317579770665764727e+01,3.437783030605974233e+00,6.463412872043760027e-01
2.600000000000000000e+02,3.289184004777740000e+01,3.315664404043001667e+01,3.467942886674323599e+00,6.606848298467089542e-01
2.610000000000000000e+02,3.281412875807951934e+01,3.312931982896404293e+01,3.498277880991387701e+00,6.544284571111668170e-01
2.620000000000000000e+02,3.274869252397903807e+01,3.310482563723518012e+01,3.527111574506947456e+00,7.101208657949147351e-01
2.630000000000000000e+02,3.268790946651110119e+01,3.308029347219765270e+01,3.555302378757777770e+00,6.621831497642065578e-01
2.640000000000000000e+02,3.262866040976482651e+01,3.305430605793534937e+01,3.582690913166826974e+00,6.533162128928229340e-01
2.650000000000000000e+02,3.256672220883787361e+01,3.302542877826871148e+01,3.609502848972741429e+00,6.907753051813463330e-01
2.660000000000000000e+02,3.250737472309945275e+01,3.299568179413582669e+01,3.635502656647836339e+00,6.725564311777437743e-01
2.670000000000000000e+02,3.244356642478916797e+01,3.296072540966144260e+01,3.661194880550981967e+00,7.425511812952095836e-01
2.680000000000000000e+02,3.238146038057663390e+01,3.292539130153842564e+01,3.685817718288497247e+00,7.249363437915934405e-01
2.690000000000000000e+02,3.232103662991696780e+01,3.288900498969441344e+01,3.710104061113458584e+00,7.160289360007324744e-01
2.700000000000000000e+02,3.225963359108244077e+01,3.284989928876357368e+01,3.733923112305217007e+00,7.403828129954119763e-01
2.710000000000000000e+02,3.219863126614306736e+01,3.280896383891377610e+01,3.756548900123693358e+00,7.468375087404799384e-01
2.720000000000000000e+02,3.214323897197756708e+01,3.277184938749159215e+01,3.778039235181536171e+00,7.719536673430377194e-01
2.730000000000000000e+02,3.208363293213875522e+01,3.273024100894225796e+01,3.799359312892018448e+00,7.885666597235856390e-01
2.740000000000000000e+02,3.201507637338011136e+01,3.268024985794397708e+01,3.821475874569519426e+00,7.631505216230705102e-01
2.750000000000000000e+02,3.195594546635641464e+01,3.263231471430356834e+01,3.842376048552814005e+00,7.708511284249699447e-01
2.760000000000000000e+02,3.189526294328970479e+01,3.258554797530912595e+01,3.860919508838519310e+00,7.821089442385338319e-01
2.770000000000000000e+02,3.183878648866438610e+01,3.253538300703948494e+01,3.880074289670201626e+00,7.907865672150909964e-01
2.780000000000000000e+02,3.177589883550638916e+01,3.247830536517836464e+01,3.899691042409980657e+00,8.046304154590965263e-01
2.790000000000000000e+02,3.171431144727904083e+01,3.242402376556013621e+01,3.918222642286272706e+00,7.718376248525127270e-01
2.800000000000000000e+02,3.165226881349705224e+01,3.236247202219126962e+01,3.935888130016713671e+00,8.896833046271492851e-01
2.810000000000000000e+02,3.159628600342387372e+01,3.230402514064248010e+01,3.952933305213082615e+00,8.593512083049320571e-01
2.820000000000000000e+02,3.153625824657996191e+01,3.224093740673717434e+01,3.970350814704703968e+00,8.865085331474430452e-01
2.830000000000000000e+02,3.148213878952218536e+01,3.218185854725521011e+01,3.986493571852048667e+00,8.113966667366210306e-01
2.840000000000000000e+02,3.142392061734163633e+01,3.211689397941275104e+01,4.002954417971801959e+00,8.869362837417724688e-01
2.850000000000000000e+02,3.136527137399303911e+01,3.204759082924838509e+01,4.018301798246252332e+00,9.211687464937970971e-01
2.860000000000000000e+02,3.130333826515918716e+01,3.197802407619832366e+01,4.033122571393005451e+00,9.329241346544215885e-01
2.870000000000000000e+02,3.124339627358832772e+01,3.190336212175818886e+01,4.047172711049501714e+00,9.760245739067755499e-01
2.880000000000000000e+02,3.118395585794410252e+01,3.182672857757800600e+01,4.061482579161050488e+00,9.857806917777397482e-01
2.890000000000000000e+02,3.113287088462121588e+01,3.175675154581971782e+01,4.074835541983158116e+00,9.473559006599872045e-01
2.900000000000000000e+02,3.106777201197313687e+01,3.167330166367200661e+01,4.088480162233572024e+00,1.004085219771278625e+00
2.910000000000000000e+02,3.099662432333897399e+01,3.158432977063334590e+01,4.102666648714052400e+00,1.013646407417019057e+00
2.920000000000000000e+02,3.092152039962336829e+01,3.149392369362828603e+01,4.116982978068238985e+00,9.936914027465689747e-01
2.930000000000000000e+02,3.085205815190998280e+01,3.140244068120046350e+01,4.129879834633443991e+00,1.040484439425759078e+00
2.940000000000000000e+02,3.078469852114548644e+01,3.131212573328330961e+01,4.143181251523619046e+00,1.018035352767180601e+00
2.950000000000000000e+02,3.071727198732798669e+01,3.121595575306078985e+01,4.156041464266892582e+00,1.044808914910794639e+00
2.960000000000000000e+02,3.064563107619747839e+01,3.111469895878103742e+01,4.169315855718010333e+00,1.090112040733125953e+00
2.970000000000000000e+02,3.058316821710658573e+01,3.101776074759596469e+01,4.181737075959041761e+00,1.084839984425601145e+00
2.980000000000000000e+02,3.051905504206703057e+01,3.091339845834335520e+01,4.194050493657998757e+00,1.128825585375934359e+00
2.990000000000000000e+02,3.046323993271723651e+01,3.081880429353090278e+01,4.205786440237576862e+00,1.077129014619382819e+00
3.000000000000000000e+02,3.040122464913969935e+01,3.072206685022313977e+01,4.217328199101452846e+00,1.084822810885492039e+00
3.010000000000000000e+02,3.033652498400541830e+01,3.061543988210908296e+01,4.228605805147412688e+00,1.132267206444522056e+00
3.020000000000000000e+02,3.027817200805016284e+01,3.050991206232351871e+01,4.239415987251001994e+00,1.161539004117906559e+00
3.030000000000000000e+02,3.022480757918579997e+01,3.040508777182029476e+01,4.249915338689848276e+00,1.145961749213575409e+00
3.040000000000000000e+02,3.017145796564914306e+01,3.030335626628867018e+01,4.259041786913843275e+00,1.179461052216081551e+00
3.050000000000000000e+02,3.011791581043403099e+01,3.019482462515622601e+01,4.268691229051155389e+00,1.190932281799123027e+00
3.060000000000000000e+02,3.006531221136274823e+01,3.008431650644580557e+01,4.278702936782323718e+00,1.154711110765368476e+00
3.070000000000000000e+02,3.001543339381297315e+01,2.997562969438278913e+01,4.287811862404372398e+00,1.213892067381070916e+00
3.080000000000000000e+02,2.996030749042546404e+01,2.985444347031473811e+01,4.296993500276570010e+00,1.219775482402513544e+00
3.090000000000000000e+02,2.991110722376401299e+01,2.974271663412023869e+01,4.305542454434901245e+00,1.235078238664647721e+00
3.100000000000000000e+02,2.985698188196630554e+01,2.962515544846316473e+01,4.314818029911826613e+00,1.234111990854632745e+00
3.110000000000000000e+02,2.980089515491225072e+01,2.950935773416710717e+01,4.323087350552566654e+00,1.229916353446532051e+00
3.120000000000000000e+02,2.973942413206990310e+01,2.939275137861564247e+01,4.331338168549789813e+00,1.281829166023013000e+00
3.130000000000000000e+02,2.967924643971818810e+01,2.927944371256703349e+01,4.339650083446989548e+00,1.233223426498065711e+00
3.140000000000000000e+02,2.961827833667620524e+01,2.915161530664982692e+01,4.347045306831121891e+00,1.291547560710940346e+00
3.150000000000000000e+02,2.956807110379773817e+01,2.902883554817282885e+01,4.355145696452344062e+00,1.313893061607751989e+00
3.160000000000000000e+02,2.950870703974169018e+01,2.891372254888644022e+01,4.361111624373201323e+00,1.297359505379040767e+00
3.170000000000000000e+02,2.945936856122365910e+01,2.878695789241379188e+01,4.368628300380637874e+00,1.320293075191910859e+00
3.180000000000000000e+02,2.940656564747550306e+01,2.865576516677010233e+01,4.375702019358223005e+00,1.324481494168115558e+00
3.190000000000000000e+02,2.936274194608752097e+01,2.853148628681008603e+01,4.382371812440270631e+00,1.343086672295759731e+00
3.200000000000000000e+02,2.931946647841567710e+01,2.840399763252467480e+01,4.389656522530126281e+00,1.370595155548950395e+00
3.210000000000000000e+02,2.927542898439216756e+01,2.827974261861243122e+01,4.396531710746026000e+00,1.355860958351497114e+00
3.220000000000000000e+02,2.922810587330822329e+01,2.816048916017718540e+01,4.402383142220920753e+00,1.396857767993243460e+00
3.230000000000000000e+02,2.918258667222139024e+01,2.803946030577132120e+01,4.406971935634873105e+00,1.393987660293112052e+00
3.240000000000000000e+02,2.913527938395462513e+01,2.792811261576497017e+01,4.411518890336540544e+00,1.400379900327807681e+00
3.250000000000000000e+02,2.908842690340905435e+01,2.780586222723484724e+01,4.417135826304682489e+00,1.390517945245233866e+00
3.260000000000000000e+02,2.905017990764929792e+01,2.767530107435429443e+01,4.422782055593035722e+00,1.451877567587708473e+00
3.270000000000000000e+02,2.901328206071307747e+01,2.754531528923418904e+01,4.428086782555430645e+00,1.406651821022395721e+00
3.280000000000000000e+02,2.897503028229535715e+01,2.741815162672595108e+01,4.434350732298565134e+00,1.438324561767753806e+00
3.290000000000000000e+02,2.893409069727186989e+01,2.729289928983140712e+01,4.440077533539630750e+00,1.445334715639741141e+00
3.300000000000000000e+02,2.889370812972810398e+01,2.715919688162641066e+01,4.444989509336855882e+00,1.454757576041105782e+00
3.310000000000000000e+02,2.885428009368540359e+01,2.702677058250607800e+01,4.450130200160003824e+00,1.436338472570826807e+00
3.320000000000000000e+02,2.881430869550073481e+01,2.689123500241441889e+01,4.454440302687147302e+00,1.504362458778116141e+00
3.330000000000000000e+02,2.878665086635788128e+01,2.670619985809138441e+01,4.464671070818340581e+00,1.491589357643690050e+00
3.340000000000000000e+02,2.876749769536024104e+01,2.653535356237400933e+01,4.474460543624429576e+00,1.444327072087620456e+00
3.350000000000000000e+02,2.874187784374725396e+01,2.637127100654277356e+01,4.483982543896320117e+00,1.500501156568150973e+00
3.360000000000000000e+02,2.871493414864708527e+01,2.622045827205661794e+01,4.489642023811389215e+00,1.485045848346157049e+00
3.370000000000000000e+02,2.867809463365580314e+01,2.606453407720865556e+01,4.494731580764939061e+00,1.516227750652522133e+00
3.380000000000000000e+02,2.864698127841965558e+01,2.591065145406381731e+01,4.500678634778035203e+00,1.528630631945830043e+00
3.390000000000000000e+02,2.861447181734872913e+01,2.575205345283594482e+01,4.507831014150266213e+00,1.534266028883843669e+00
3.400000000000000000e+02,2.858722827457092919e+01,2.557355775101465412e+01,4.516229693000208378e+00,1.548178679413354075e+00
3.410000000000000000e+02,2.856272794679349758e+01,2.541485851142167363e+01,4.523674615675674637e+00,1.560915608864421156e+00
3.420000000000000000e+02,2.853272490969931496e+01,2.523915704096209112e+01,4.531084379153400121e+00,1.546990077354892579e+00
3.430000000000000000e+02,2.849068202181373266e+01,2.508648754740062969e+01,4.535856782569714696e+00,1.568124266093980257e+00
3.440000000000000000e+02,2.846197515031485281e+01,2.492847438298255014e+01,4.541263935049858702e+00,1.593846844335565338e+00
3.450000000000000000e+02,2.842896054709833109e+01,2.478051304293072832e+01,4.545992672947944513e+00,1.567089987744003432e+00
3.460000000000000000e+02,2.839188747192221740e+01,2.463064482922370857e+01,4.548740675328757810e+00,1.578131536441092608e+00
3.470000000000000000e+02,2.836575552915632770e+01,2.450021122631544657e+01,4.551279911560700775e+00,1.592620677507101901e+00
3.480000000000000000e+02,2.833387054438094310e+01,2.439868857004390534e+01,4.550519612511361167e+00,1.602445529541974167e+00
3.490000000000000000e+02,2.830151152250319768e+01,2.428648156163433214e+01,4.550111970788577764e+00,1.623574675562019065e+00
3.500000000000000000e+02,2.826345789432667033e+01,2.417295507475085969e+01,4.551108970384325048e+00,1.613138302732434415e+00
3.510000000000000000e+02,2.822645333710711313e+01,2.406777707914816133e+01,4.547772270169429198e+00,1.597643898035242760e+00
3.520000000000000000e+02,2.817294258463994794e+01,2.381396311636469321e+01,4.563568175685080774e+00,1.636063676781709164e+00
3.530000000000000000e+02,2.812397224601624757e+01,2.356457330512099091e+01,4.576657032815906412e+00,1.659546608870894557e+00
3.540000000000000000e+02,2.808663853382796205e+01,2.333875900168616013e+01,4.588659640577098742e+00,1.626211183254174353e+00
3.550000000000000000e+02,2.806306149197174449e+01,2.312624278859970417e+01,4.598432259838302727e+00,1.595531543999582746e+00
3.560000000000000000e+02,2.805021574331410150e+01,2.295784711699363712e+01,4.605243670581450566e+00,1.640108537599792138e+00
3.570000000000000000e+02,2.803459244507253700e+01,2.280764619437579199e+01,4.608671056546622680e+00,1.616962255487404576e+00
3.580000000000000000e+02,2.799588108281209031e+01,2.268204815168609301e+01,4.608094031980024319e+00,1.638646219694650075e+00
3.590000000000000000e+02,2.802371588247223144e+01,2.244003600115874164e+01,4.625246087221618119e+00,1.660967231216616602e+00
3.600000000000000000e+02,2.800483692783095080e+01,2.222480849254158386e+01,4.635594416680907770e+00,1.697025598436038729e+00
3.610000000000000000e+02,2.798122754016213420e+01,2.204650767748959339e+01,4.641861190892416111e+00,1.669542201309693885e+00
3.620000000000000000e+02,2.796427772079354668e+01,2.187725575854435434e+01,4.646656940109557432e+00,1.642663002114998827e+00
3.630000000000000000e+02,2.794922857443537367e+01,2.171522231123526225e+01,4.651754133206644326e+00,1.652996698288815791e+00
3.640000000000000000e+02,2.795070264167261342e+01,2.155434960594752880e+01,4.657145403109842263e+00,1.663120127691985806e+00
3.650000000000000000e+02,2.796379798596058563e+01,2.138669983354849080e+01,4.663433954476071897e+00,1.694442914517713339e+00
3.660000000000000000e+02,2.797858267691204759e+01,2.122631077936303967e+01,4.670092932491782811e+00,1.638564648762603770e+00
3.670000000000000000e+02,2.797129444747122307e+01,2.106373116145501001e+01,4.674576497414680176e+00,1.623615417306430331e+00
3.680000000000000000e+02,2.797739424012277354e+01,2.090479959761107764e+01,4.681404821439021369e+00,1.654761477563668537e+00
3.690000000000000000e+02,2.797635966829757592e+01,2.074987092667457134e+01,4.687260219163667863e+00,1.666166969217482530e+00
3.700000000000000000e+02,2.796529215375289112e+01,2.059412424607561221e+01,4.691500229455304982e+00,1.695556839437667218e+00
3.710000000000000000e+02,2.802492107892539863e+01,2.040702328306555557e+01,4.702975507639437502e+00,1.636520519500415771e+00
3.720000000000000000e+02,2.805674563562100587e+01,2.022915291528817860e+01,4.710058641111174005e+00,1.636727038989724159e+00
3.730000000000000000e+02,2.807060534875001778e+01,2.006070044814161690e+01,4.715267852150384797e+00,1.673776320496909165e+00
3.740000000000000000e+02,2.808162591520492413e+01,1.989470394784433793e+01,4.719768394862867034e+00,1.679339525174624814e+00
3.750000000000000000e+02,2.808992906938540557e+01,1.973749641324979720e+01,4.724008173309846903e+00,1.656426112550548169e+00
3.760000000000000000e+02,2.809024035070399705e+01,1.957935888184670858e+01,4.728796757310129273e+00,1.684853340916681708e+00
3.770000000000000000e+02,2.810204952676757983e+01,1.939941481450566130e+01,4.734194096997054402e+00,1.686140467931073417e+00
3.780000000000000000e+02,2.810557400283103391e+01,1.922618743901993099e+01,4.738012150397868716e+00,1.708524823762609168e+00
3.790000000000000000e+02,2.811108676285346775e+01,1.906134716710225874e+01,4.742029833066352396e+00,1.634012054964614880e+00
3.800000000000000000e+02,2.811434254500552044e+01,1.889379769765846007e+01,4.747211718524262380e+00,1.672078283689229394e+00
3.810000000000000000e+02,2.811576154057049592e+01,1.872559686711759852e+01,4.750366827754115562e+00,1.683238409686857784e+00
3.820000000000000000e+02,2.811410576773624115e+01,1.856937385376172145e+01,4.754227545025646151e+00,1.679587404697625352e+00
3.830000000000000000e+02,2.811670499187787797e+01,1.839708306399255733e+01,4.758594085448584643e+00,1.672134612969067069e+00
3.840000000000000000e+02,2.811768891713786545e+01,1.823093895829491373e+01,4.762438890479055331e+00,1.638139513549266457e+00
3.850000000000000000e+02,2.812691830787585090e+01,1.806156457788468472e+01,4.767363702132743519e+00,1.696572980040461420e+00
3.860000000000000000e+02,2.812133386611113295e+01,1.790528745768480690e+01,4.770380947515922898e+00,1.633442870197904906e+00
3.870000000000000000e+02,2.812323859738982179e+01,1.775114697574415956e+01,4.773812140710981922e+00,1.674414762058783479e+00
3.880000000000000000e+02,2.812128468075586696e+01,1.761409203236200227e+01,4.776355457016076222e+00,1.634410418563415401e+00
3.890000000000000000e+02,2.813574647462519351e+01,1.743411328608944544e+01,4.781934251572139694e+00,1.622361041490650191e+00
3.900000000000000000e+02,2.814897181032744200e+01,1.725764842976949254e+01,4.785544677143704462e+00,1.640508390277693573e+00
3.910000000000000000e+02,2.816104659077494432e+01,1.709506065118289797e+01,4.790319196554682968e+00,1.642730401606171231e+00
3.920000000000000000e+02,2.817472946053990057e+01,1.693248636788759498e+01,4.794201198111287532e+00,1.647974081679705494e+00
3.930000000000000000e+02,2.818404694443524150e+01,1.678339390447248292e+01,4.798738990983248520e+00,1.615786642084354297e+00
3.940000000000000000e+02,2.819224976308002439e+01,1.664972014029730119e+01,4.803497918885335949e+00,1.614098118198815657e+00
3.950000000000000000e+02,2.821008113832632347e+01,1.646060493159862048e+01,4.809666510278347573e+00,1.612566484821297053e+00
3.960000000000000000e+02,2.822823094797121612e+01,1.628723548562787826e+01,4.815506842137978971e+00,1.593527921859114072e+00
3.970000000000000000e+02,2.824750218172579252e+01,1.611516199167046537e+01,4.820739082834209377e+00,1.659612917087733841e+00
3.980000000000000000e+02,2.826581257731233876e+01,1.595795976469485211e+01,4.825957189189130858e+00,1.631699740001712806e+00
3.990000000000000000e+02,2.828347766415656750e+01,1.580646546763656701e+01,4.830310505152177747e+00,1.622722018729505500e+00
4.000000000000000000e+02,2.830310595157058273e+01,1.566475191925448307e+01,4.834932119624298252e+00,1.586618018700254762e+00
4.010000000000000000e+02,2.831001739087277613e+01,1.548537841046144869e+01,4.838644902457534869e+00,1.563047071782642794e+00
4.020000000000000000e+02,2.832635124846707697e+01,1.530778668249303820e+01,4.844377552150953115e+00,1.579042991884479052e+00
4.030000000000000000e+02,2.834122337328902219e+01,1.514416144600633629e+01,4.849875874598403414e+00,1.580533664131979155e+00
4.040000000000000000e+02,2.835986674243584105e+01,1.498976449436574043e+01,4.854690157195684641e+00,1.569353794291618032e+00
4.050000000000000000e+02,2.837224140242530268e+01,1.483417749275936970e+01,4.858459634566920649e+00,1.591771983669616475e+00
4.060000000000000000e+02,2.839705647688567680e+01,1.468755805542372173e+01,4.864312065285556486e+00,1.587559261908811026e+00
4.070000000000000000e+02,2.840093902808917292e+01,1.450492809961116158e+01,4.866507666958154843e+00,1.604521854889363164e+00
4.080000000000000000e+02,2.841948075744437219e+01,1.432821041922064786e+01,4.871876353878886512e+00,1.597579074665567589e+00
4.090000000000000000e+02,2.844343551663826375e+01,1.416535588110241761e+01,4.877163907772701812e+00,1.564150772334645501e+00
4.100000000000000000e+02,2.846682488454554871e+01,1.401611379081211517e+01,4.881717767394486707e+00,1.515938073218006554e+00
4.110000000000000000e+02,2.849130577071638015e+01,1.386877358649168812e+01,4.887220209808138982e+00,1.504641108746526124e+00
4.120000000000000000e+02,2.851644930961705171e+01,1.371991040928762473e+01,4.891936567804699543e+00,1.518379870521860964e+00
4.130000000000000000e+02,2.854371002507554422e+01,1.357204499294923572e+01,4.898349685971419731e+00,1.516838812607556708e+00
4.140000000000000000e+02,2.857163279613669005e+01,1.342288871944000483e+01,4.904447612290285363e+00,1.513890576114363506e+00
4.150000000000000000e+02,2.859593151536508415e+01,1.327518498989843998e+01,4.909663356187404126e+00,1.482526986410727332e+00
4.160000000000000000e+02,2.862610737166408725e+01,1.313242720353096793e+01,4.915643404965265972e+00,1.465289566057723647e+00
4.170000000000000000e+02,2.865603746612379865e+01,1.299093320334727863e+01,4.922000527916885915e+00,1.459123076279743580e+00
4.180000000000000000e+02,2.869245983927475407e+01,1.284351923462325118e+01,4.929118199324888039e+00,1.529830932454752324e+00
4.190000000000000000e+02,2.872542366322659646e+01,1.269852963736885165e+01,4.934697440803629043e+00,1.496249131412894950e+00
4.200000000000000000e+02,2.876549138199360200e+01,1.256005048256624512e+01,4.942128599149249624e+00,1.463164060716387826e+00
4.210000000000000000e+02,2.880295286510495600e+01,1.242370062580614132e+01,4.949178278951997356e+00,1.425603873418271217e+00
4.220000000000000000e+02,2.883681762800950210e+01,1.228383758910085000e+01,4.955478319551901656e+00,1.445938545999962521e+00
4.230000000000000000e+02,2.887083161780306639e+01,1.215041487124969599e+01,4.961757975848796853e+00,1.388853569203096994e+00
4.240000000000000000e+02,2.891061143418018275e+01,1.201408031117700581e+01,4.969490013751076241e+00,1.440360728412955149e+00
4.250000000000000000e+02,2.894714412456364272e+01,1.187961020155465164e+01,4.976339370304301291e+00,1.407898827729391567e+00
4.260000000000000000e+02,2.898448594446875148e+01,1.174691743881206918e+01,4.982405525895132747e+00,1.408182981008068824e+00
4.270000000000000000e+02,2.902675686388637999e+01,1.161531180866261970e+01,4.990355449885664818e+00,1.384986104095093928e+00
4.280000000000000000e+02,2.905071794594271850e+01,1.147823421834614521e+01,4.995056486548352659e+00,1.360214434719647425e+00
4.290000000000000000e+02,2.908963527385033387e+01,1.134836881155158039e+01,5.001970015391392188e+00,1.364229932860897110e+00
4.300000000000000000e+02,2.912770249541038936e+01,1.122356835042488576e+01,5.009209161322589310e+00,1.318377953611678199e+00
4.310000000000000000e+02,2.916713437370949435e+01,1.109661222006566028e+01,5.016529428175059202e+00,1.346330165989400030e+00
4.320000000000000000e+02,2.920687139070900784e+01,1.097375305110382016e+01,5.024416345721098409e+00,1.307708066260129698e+00
4.330000000000000000e+02,2.924383883278292728e+01,1.084949851203706217e+01,5.032427783645177399e+00,1.348798788492875822e+00
4.340000000000000000e+02,2.928393735037932899e+01,1.072574620746487817e+01,5.040355554688480844e+00,1.324406465513512154e+00
4.350000000000000000e+02,2.932823347409005521e+01,1.061285002545873546e+01,5.049467849282885723e+00,1.268994781283728557e+00
4.360000000000000000e+02,2.934534012848543583e+01,1.047918484727473931e+01,5.055334654531163707e+00,1.286478030342604661e+00
4.370000000000000000e+02,2.936882393052069418e+01,1.034590688709990580e+01,5.061708367961442079e+00,1.298561522489932951e+00
4.380000000000000000e+02,2.938592974210596154e+01,1.021374455030815120e+01,5.067088822337388443e+00,1.273818650557611010e+00
4.390000000000000000e+02,2.941240930864618619e+01,1.009315918074453045e+01,5.074203421918751289e+00,1.250410987635246274e+00
4.400000000000000000e+02,2.944333856719712017e+01,9.977257362052524670e+00,5.080416844829656497e+00,1.202815208485106924e+00
4.410000000000000000e+02,2.947680553727741071e+01,9.865071523522054520e+00,5.088736710834891319e+00,1.203985924487562365e+00
4.420000000000000000e+02,2.953315714992066532e+01,9.756684169999799039e+00,5.100288782809483834e+00,1.191246988731821110e+00
4.430000000000000000e+02,2.958535674370081026e+01,9.656166705384711335e+00,5.110828901098207311e+00,1.157575007130641209e+00
4.440000000000000000e+02,2.963468039312520830e+01,9.552946423648643659e+00,5.121202969098187729e+00,1.155648826399028772e+00
4.450000000000000000e+02,2.967081047830332352e+01,9.437699323732035239e+00,5.129296088906266426e+00,1.171935609337706241e+00
4.460000000000000000e+02,2.971111403928427563e+01,9.322937522816703293e+00,5.139226414238625473e+00,1.182563219826633372e+00
4.470000000000000000e+02,2.974147427640583885e+01,9.212575063500882067e+00,5.148242546337405301e+00,1.150883335536808216e+00
4.480000000000000000e+02,2.978191479690841703e+01,9.102683979014257076e+00,5.157405702968548056e+00,1.124353183363665076e+00
4.490000000000000000e+02,2.983206640375426488e+01,9.000286243898866445e+00,5.167863761482240470e+00,1.148750364370495936e+00
4.500000000000000000e+02,2.988057063808108893e+01,8.901390154266335841e+00,5.178589207169027375e+00,1.111969745138511767e+00
4.510000000000000000e+02,2.993134359863545768e+01,8.808137854172878534e+00,5.190679774393635704e+00,1.077644817599994864e+00
4.520000000000000000e+02,2.998278395476331681e+01,8.709892002334841621e+00,5.201872258775877000e+00,1.117420668327560263e+00
4.530000000000000000e+02,3.002198720633749573e+01,8.612429663477577435e+00,5.213016312323993873e+00,1.064138197690242871e+00
4.540000000000000000e+02,3.007348532274852104e+01,8.520184390924857354e+00,5.225704069996146117e+00,1.035220061167324124e+00
4.550000000000000000e+02,3.011441726392095219e+01,8.429784674902514041e+00,5.237780431318440399e+00,1.020124160467471786e+00
4.560000000000000000e+02,3.015577178179546891e+01,8.338244784044860580e+00,5.250300702506635275e+00,1.013096711267162053e+00
4.570000000000000000e+02,3.020241804687701404e+01,8.247870352063547017e+00,5.262550702299202854e+00,1.007781472879793583e+00
4.580000000000000000e+02,3.025418729348868396e+01,8.163922475378113219e+00,5.276393642918585591e+00,9.925047277649469146e-01
4.590000000000000000e+02,3.030901477833991109e+01,8.081631797596696032e+00,5.290494287497775616e+00,9.903825633631238023e-01
4.600000000000000000e+02,3.035200188875511529e+01,7.995231955136486768e+00,5.304221707171788758e+00,9.833649399206461084e-01
4.610000000000000000e+02,3.040875756798322627e+01,7.912306583002194138e+00,5.318527856530523401e+00,1.010658091449713414e+00
4.620000000000000000e+02,3.046719352475855658e+01,7.835863155749694720e+00,5.334375290976304029e+00,9.492819066480062684e-01
4.630000000000000000e+02,3.052521018120764040e+01,7.760521789059163567e+00,5.350075211761487814e+00,9.270293549230773644e-01
4.640000000000000000e+02,3.058022127290561798e+01,7.686592388562009326e+00,5.366563242655018051e+00,9.243104021476400423e-01
4.650000000000000000e+02,3.063150174574827389e+01,7.616848594671583150e+00,5.382891226027976650e+00,8.888305902987085894e-01
4.660000000000000000e+02,3.068544757767193332e+01,7.541647142044184626e+00,5.399180885958371867e+00,9.206303191568787625e-01
4.670000000000000000e+02,3.074117854254964044e+01,7.473655228114121307e+00,5.416287674323091217e+00,8.800909543349809683e-01
4.680000000000000000e+02,3.079177058631043806e+01,7.402011807764202089e+00,5.432854312329719271e+00,9.082823236250989751e-01
4.690000000000000000e+02,3.082943036170834361e+01,7.332683318118587756e+00,5.449454646368590893e+00,8.703596044550546695e-01
4.700000000000000000e+02,3.088575404317609951e+01,7.269157359199271085e+00,5.468385652964250276e+00,8.579922562635179384e-01
4.710000000000000000e+02,3.094339567227945764e+01,7.207643640291380827e+00,5.487177834958955280e+00,8.482585365964573354e-01
4.720000000000000000e+02,3.098858145025139166e+01,7.146117186128306820e+00,5.506677371018420253e+00,8.251125960356299194e-01
4.730000000000000000e+02,3.103837834524034989e+01,7.084372659672660610e+00,5.526727288116983772e+00,8.202191529613882537e-01
4.740000000000000000e+02,3.109105819961784078e+01,7.027537132435645262e+00,5.547564732866315573e+00,8.107772014722156584e-01
4.750000000000000000e+02,3.114541276523542024e+01,6.973615577959330736e+00,5.569352885942702613e+00,7.630733636676216847e-01
4.760000000000000000e+02,3.120096015970809589e+01,6.920227699282010647e+00,5.590716206196976401e+00,7.909683008055148346e-01
4.770000000000000000e+02,3.124419092419814703e+01,6.871269261388154526e+00,5.613694207305828243e+00,7.442689660684311814e-01
4.780000000000000000e+02,3.129498450968770840e+01,6.821858928434995306e+00,5.636844300142697328e+00,7.623897044898011455e-01
4.790000000000000000e+02,3.136003074240568012e+01,6.780369638158322942e+00,5.662021483280876843e+00,7.322516519660819956e-01
4.800000000000000000e+02,3.141719314065257507e+01,6.739964491584490958e+00,5.685987062314241669e+00,7.503534164114411542e-01
4.810000000000000000e+02,3.147658063982490617e+01,6.699901572369979519e+00,5.711286390192807261e+00,7.225723935316552549e-01
4.820000000000000000e+02,3.153419342226743183e+01,6.662229901698686341e+00,5.737184156687380465e+00,6.971252835141444892e-01
4.830000000000000000e+02,3.159413671416174552e+01,6.626101553587735893e+00,5.764335249172630071e+00,7.069009202052232155e-01
4.840000000000000000e+02,3.164967433449651324e+01,6.591073566044514109e+00,5.791463220076087381e+00,6.893084667772845231e-01
4.850000000000000000e+02,3.170849822456622746e+01,6.559785684882763590e+00,5.820531789726265615e+00,6.660050111424919983e-01
4.860000000000000000e+02,3.177946810988306581e+01,6.537478009685365521e+00,5.850977448051539298e+00,6.801057971572571637e-01
4.870000000000000000e+02,3.184100520677067436e+01,6.508863724651499538e+00,5.879872586352871799e+00,6.823068265244626174e-01
4.880000000000000000e+02,3.190404853181782840e+01,6.482061877649423209e+00,5.909321369471393304e+00,6.903157860129955914e-01
4.890000000000000000e+02,3.196424178497800739e+01,6.458452258225873877e+00,5.939161506841721838e+00,6.514174395717248212e-01
4.900000000000000000e+02,3.203358168056442423e+01,6.433508701455440182e+00,5.970190246346740004e+00,6.329535470552387633e-01
4.910000000000000000e+02,3.208842489769725148e+01,6.402644266125556705e+00,6.000747691110643878e+00,6.446552927374800124e-01
4.920000000000000000e+02,3.214673150828190273e+01,6.386424252041145166e+00,6.033154158717229265e+00,6.310755962281483500e-01
4.930000000000000000e+02,3.220622392530501088e+01,6.370802155864203620e+00,6.066030282589953693e+00,6.163180448186857951e-01
4.940000000000000000e+02,3.224507480832316730e+01,6.350569852959432993e+00,6.096854657563937074e+00,5.924573721860664222e-01
4.950000000000000000e+02,3.230411244677517146e+01,6.337127110021801180e+00,6.129044347349163147e+00,6.195768776605476980e-01
4.960000000000000000e+02,3.235892899517897092e+01,6.319621351702360279e+00,6.161535435916954739e+00,6.324730253891305276e-01
4.970000000000000000e+02,3.242348122568382962e+01,6.310868749575115899e+00,6.195449393780577019e+00,6.642189803878844057e-01
4.980000000000000000e+02,3.247827583728063416e+01,6.297952289515125202e+00,6.227666900075349510e+00,6.550240073335037438e-01
4.990000000000000000e+02,3.252559223172060854e+01,6.289951838211337964e+00,6.260339851801192346e+00,6.098414991444890410e-01
